"","datetime","season","holiday","workingday","weather","temp","atemp","humidity","windspeed","casual","registered","count"
"1",2011-01-01 00:00:00,1,0,0,1,9.84,14.395,81,0,3,13,16
"2",2011-01-01 01:00:00,1,0,0,1,9.02,13.635,80,0,8,32,40
"3",2011-01-01 02:00:00,1,0,0,1,9.02,13.635,80,0,5,27,32
"4",2011-01-01 03:00:00,1,0,0,1,9.84,14.395,75,0,3,10,13
"5",2011-01-01 04:00:00,1,0,0,1,9.84,14.395,75,0,0,1,1
"6",2011-01-01 05:00:00,1,0,0,2,9.84,12.88,75,6.0032,0,1,1
"7",2011-01-01 06:00:00,1,0,0,1,9.02,13.635,80,0,2,0,2
"8",2011-01-01 07:00:00,1,0,0,1,8.2,12.88,86,0,1,2,3
"9",2011-01-01 08:00:00,1,0,0,1,9.84,14.395,75,0,1,7,8
"10",2011-01-01 09:00:00,1,0,0,1,13.12,17.425,76,0,8,6,14
"11",2011-01-01 10:00:00,1,0,0,1,15.58,19.695,76,16.9979,12,24,36
"12",2011-01-01 11:00:00,1,0,0,1,14.76,16.665,81,19.0012,26,30,56
"13",2011-01-01 12:00:00,1,0,0,1,17.22,21.21,77,19.0012,29,55,84
"14",2011-01-01 13:00:00,1,0,0,2,18.86,22.725,72,19.9995,47,47,94
"15",2011-01-01 14:00:00,1,0,0,2,18.86,22.725,72,19.0012,35,71,106
"16",2011-01-01 15:00:00,1,0,0,2,18.04,21.97,77,19.9995,40,70,110
"17",2011-01-01 16:00:00,1,0,0,2,17.22,21.21,82,19.9995,41,52,93
"18",2011-01-01 17:00:00,1,0,0,2,18.04,21.97,82,19.0012,15,52,67
"19",2011-01-01 18:00:00,1,0,0,3,17.22,21.21,88,16.9979,9,26,35
"20",2011-01-01 19:00:00,1,0,0,3,17.22,21.21,88,16.9979,6,31,37
"21",2011-01-01 20:00:00,1,0,0,2,16.4,20.455,87,16.9979,11,25,36
"22",2011-01-01 21:00:00,1,0,0,2,16.4,20.455,87,12.998,3,31,34
"23",2011-01-01 22:00:00,1,0,0,2,16.4,20.455,94,15.0013,11,17,28
"24",2011-01-01 23:00:00,1,0,0,2,18.86,22.725,88,19.9995,15,24,39
"25",2011-01-02 00:00:00,1,0,0,2,18.86,22.725,88,19.9995,4,13,17
"26",2011-01-02 01:00:00,1,0,0,2,18.04,21.97,94,16.9979,1,16,17
"27",2011-01-02 02:00:00,1,0,0,2,17.22,21.21,100,19.0012,1,8,9
"28",2011-01-02 03:00:00,1,0,0,2,18.86,22.725,94,12.998,2,4,6
"29",2011-01-02 04:00:00,1,0,0,2,18.86,22.725,94,12.998,2,1,3
"30",2011-01-02 05:00:00,1,0,0,2,18.04,21.9675,85,16.49875,0,0,0
"31",2011-01-02 06:00:00,1,0,0,3,17.22,21.21,77,19.9995,0,2,2
"32",2011-01-02 07:00:00,1,0,0,2,16.4,20.455,76,12.998,0,1,1
"33",2011-01-02 08:00:00,1,0,0,3,16.4,20.455,71,15.0013,0,8,8
"34",2011-01-02 09:00:00,1,0,0,2,15.58,19.695,76,15.0013,1,19,20
"35",2011-01-02 10:00:00,1,0,0,2,14.76,17.425,81,15.0013,7,46,53
"36",2011-01-02 11:00:00,1,0,0,2,14.76,16.665,71,16.9979,16,54,70
"37",2011-01-02 12:00:00,1,0,0,2,14.76,16.665,66,19.9995,20,73,93
"38",2011-01-02 13:00:00,1,0,0,2,14.76,17.425,66,8.9981,11,64,75
"39",2011-01-02 14:00:00,1,0,0,3,14.76,17.425,76,12.998,4,55,59
"40",2011-01-02 15:00:00,1,0,0,3,13.94,16.665,81,11.0014,19,55,74
"41",2011-01-02 16:00:00,1,0,0,3,13.94,16.665,71,11.0014,9,67,76
"42",2011-01-02 17:00:00,1,0,0,1,13.94,16.665,57,12.998,7,58,65
"43",2011-01-02 18:00:00,1,0,0,2,14.76,16.665,46,22.0028,10,43,53
"44",2011-01-02 19:00:00,1,0,0,1,13.12,14.395,42,30.0026,1,29,30
"45",2011-01-02 20:00:00,1,0,0,1,12.3,13.635,39,23.9994,5,17,22
"46",2011-01-02 21:00:00,1,0,0,1,10.66,11.365,44,22.0028,11,20,31
"47",2011-01-02 22:00:00,1,0,0,1,9.84,10.605,44,19.9995,0,9,9
"48",2011-01-02 23:00:00,1,0,0,1,9.02,11.365,47,11.0014,0,8,8
"49",2011-01-03 00:00:00,1,0,1,1,9.02,9.85,44,23.9994,0,5,5
"50",2011-01-03 01:00:00,1,0,1,1,8.2,8.335,44,27.9993,0,2,2
"51",2011-01-03 02:00:00,1,0,1,1,7.38,7.5775,45,27.001,0,0,0
"52",2011-01-03 03:00:00,1,0,1,1,7.38,7.5775,45,27.001,0,0,0
"53",2011-01-03 04:00:00,1,0,1,1,6.56,6.82,47,26.0027,0,1,1
"54",2011-01-03 05:00:00,1,0,1,1,6.56,6.82,47,19.0012,0,3,3
"55",2011-01-03 06:00:00,1,0,1,1,5.74,5.305,50,26.0027,0,30,30
"56",2011-01-03 07:00:00,1,0,1,1,5.74,6.82,50,12.998,1,63,64
"57",2011-01-03 08:00:00,1,0,1,1,5.74,6.06,50,19.0012,1,153,154
"58",2011-01-03 09:00:00,1,0,1,1,6.56,6.82,43,26.0027,7,81,88
"59",2011-01-03 10:00:00,1,0,1,1,7.38,8.335,43,16.9979,11,33,44
"60",2011-01-03 11:00:00,1,0,1,1,8.2,9.09,40,22.0028,10,41,51
"61",2011-01-03 12:00:00,1,0,1,1,9.02,10.605,35,19.9995,13,48,61
"62",2011-01-03 13:00:00,1,0,1,1,9.84,10.605,35,19.0012,8,53,61
"63",2011-01-03 14:00:00,1,0,1,1,10.66,12.12,30,19.0012,11,66,77
"64",2011-01-03 15:00:00,1,0,1,1,10.66,12.12,30,16.9979,14,58,72
"65",2011-01-03 16:00:00,1,0,1,1,10.66,12.12,30,16.9979,9,67,76
"66",2011-01-03 17:00:00,1,0,1,1,9.84,11.365,30,15.0013,11,146,157
"67",2011-01-03 18:00:00,1,0,1,1,9.84,12.88,32,7.0015,9,148,157
"68",2011-01-03 19:00:00,1,0,1,1,8.2,12.88,47,0,8,102,110
"69",2011-01-03 20:00:00,1,0,1,1,8.2,11.365,47,7.0015,3,49,52
"70",2011-01-03 21:00:00,1,0,1,1,7.38,9.85,64,8.9981,3,49,52
"71",2011-01-03 22:00:00,1,0,1,1,5.74,7.575,69,8.9981,0,20,20
"72",2011-01-03 23:00:00,1,0,1,1,7.38,10.605,55,7.0015,1,11,12
"73",2011-01-04 00:00:00,1,0,1,1,6.56,9.09,55,7.0015,0,5,5
"74",2011-01-04 01:00:00,1,0,1,1,6.56,9.09,59,7.0015,0,2,2
"75",2011-01-04 02:00:00,1,0,1,1,5.74,7.575,63,8.9981,0,1,1
"76",2011-01-04 03:00:00,1,0,1,1,5.74,8.3325,63,7.50065,0,0,0
"77",2011-01-04 04:00:00,1,0,1,1,5.74,9.09,63,6.0032,0,2,2
"78",2011-01-04 05:00:00,1,0,1,1,4.92,7.575,68,7.0015,0,4,4
"79",2011-01-04 06:00:00,1,0,1,1,4.92,7.575,74,7.0015,0,36,36
"80",2011-01-04 07:00:00,1,0,1,1,4.92,7.575,74,8.9981,2,92,94
"81",2011-01-04 08:00:00,1,0,1,1,5.74,7.575,69,11.0014,2,177,179
"82",2011-01-04 09:00:00,1,0,1,1,6.56,7.575,64,15.0013,2,98,100
"83",2011-01-04 10:00:00,1,0,1,2,6.56,6.82,69,22.0028,5,37,42
"84",2011-01-04 11:00:00,1,0,1,1,9.02,10.605,51,19.9995,7,50,57
"85",2011-01-04 12:00:00,1,0,1,1,9.02,11.365,51,11.0014,12,66,78
"86",2011-01-04 13:00:00,1,0,1,1,9.84,11.365,56,12.998,18,79,97
"87",2011-01-04 14:00:00,1,0,1,1,10.66,12.88,52,15.0013,9,54,63
"88",2011-01-04 15:00:00,1,0,1,1,11.48,13.635,52,16.9979,17,48,65
"89",2011-01-04 16:00:00,1,0,1,1,12.3,14.395,49,16.9979,15,68,83
"90",2011-01-04 17:00:00,1,0,1,1,11.48,13.635,48,15.0013,10,202,212
"91",2011-01-04 18:00:00,1,0,1,1,10.66,12.88,48,12.998,3,179,182
"92",2011-01-04 19:00:00,1,0,1,1,9.84,12.88,48,7.0015,2,110,112
"93",2011-01-04 20:00:00,1,0,1,1,9.84,12.88,48,7.0015,1,53,54
"94",2011-01-04 21:00:00,1,0,1,1,9.02,13.635,64,0,0,48,48
"95",2011-01-04 22:00:00,1,0,1,1,9.02,12.88,64,6.0032,1,34,35
"96",2011-01-04 23:00:00,1,0,1,1,8.2,11.365,69,6.0032,2,9,11
"97",2011-01-05 00:00:00,1,0,1,1,8.2,12.88,64,0,0,6,6
"98",2011-01-05 01:00:00,1,0,1,1,6.56,9.85,74,6.0032,0,6,6
"99",2011-01-05 02:00:00,1,0,1,1,6.56,9.85,74,6.0032,0,2,2
"100",2011-01-05 03:00:00,1,0,1,1,8.2,10.6075,61,10.50225,0,0,0
"101",2011-01-05 04:00:00,1,0,1,1,9.84,11.365,48,15.0013,0,2,2
"102",2011-01-05 05:00:00,1,0,1,1,9.02,11.365,47,11.0014,0,3,3
"103",2011-01-05 06:00:00,1,0,1,1,8.2,9.85,47,15.0013,0,33,33
"104",2011-01-05 07:00:00,1,0,1,1,7.38,9.09,43,12.998,1,87,88
"105",2011-01-05 08:00:00,1,0,1,1,8.2,9.09,40,19.9995,3,192,195
"106",2011-01-05 09:00:00,1,0,1,1,9.02,9.85,37,22.0028,6,109,115
"107",2011-01-05 10:00:00,1,0,1,1,9.02,9.85,37,22.0028,4,53,57
"108",2011-01-05 11:00:00,1,0,1,1,10.66,11.365,33,22.0028,12,34,46
"109",2011-01-05 12:00:00,1,0,1,1,10.66,11.365,33,22.0028,5,74,79
"110",2011-01-05 13:00:00,1,0,1,1,11.48,12.88,30,19.9995,6,65,71
"111",2011-01-05 14:00:00,1,0,1,1,12.3,14.395,28,12.998,10,52,62
"112",2011-01-05 15:00:00,1,0,1,1,12.3,14.395,28,12.998,7,55,62
"113",2011-01-05 16:00:00,1,0,1,1,12.3,15.91,28,6.0032,4,85,89
"114",2011-01-05 17:00:00,1,0,1,1,9.84,11.365,38,12.998,4,186,190
"115",2011-01-05 18:00:00,1,0,1,1,9.84,12.12,38,8.9981,3,166,169
"116",2011-01-05 19:00:00,1,0,1,1,9.84,12.88,38,7.0015,5,127,132
"117",2011-01-05 20:00:00,1,0,1,1,9.02,11.365,47,11.0014,7,82,89
"118",2011-01-05 21:00:00,1,0,1,1,8.2,9.85,51,12.998,3,40,43
"119",2011-01-05 22:00:00,1,0,1,1,7.38,9.85,55,8.9981,1,41,42
"120",2011-01-05 23:00:00,1,0,1,1,8.2,12.88,47,0,1,18,19
"121",2011-01-06 00:00:00,1,0,1,1,7.38,12.12,55,0,0,11,11
"122",2011-01-06 01:00:00,1,0,1,1,6.56,11.365,64,0,0,4,4
"123",2011-01-06 02:00:00,1,0,1,1,6.56,11.365,64,0,0,2,2
"124",2011-01-06 03:00:00,1,0,1,1,6.56,10.6075,64,3.0016,0,0,0
"125",2011-01-06 04:00:00,1,0,1,2,6.56,9.85,64,6.0032,0,1,1
"126",2011-01-06 05:00:00,1,0,1,2,5.74,9.09,69,6.0032,0,4,4
"127",2011-01-06 06:00:00,1,0,1,2,5.74,8.335,63,7.0015,0,36,36
"128",2011-01-06 07:00:00,1,0,1,2,6.56,11.365,59,0,0,95,95
"129",2011-01-06 08:00:00,1,0,1,1,6.56,11.365,59,0,3,216,219
"130",2011-01-06 09:00:00,1,0,1,2,7.38,12.12,51,0,6,116,122
"131",2011-01-06 10:00:00,1,0,1,1,8.2,12.88,47,0,3,42,45
"132",2011-01-06 11:00:00,1,0,1,1,9.02,12.88,44,6.0032,2,57,59
"133",2011-01-06 12:00:00,1,0,1,1,10.66,14.395,35,0,6,78,84
"134",2011-01-06 13:00:00,1,0,1,1,10.66,13.635,35,7.0015,12,55,67
"135",2011-01-06 14:00:00,1,0,1,1,11.48,13.635,36,11.0014,11,59,70
"136",2011-01-06 15:00:00,1,0,1,1,11.48,13.635,36,0,8,54,62
"137",2011-01-06 16:00:00,1,0,1,1,10.66,12.88,38,11.0014,12,74,86
"138",2011-01-06 17:00:00,1,0,1,1,9.02,11.365,51,11.0014,9,163,172
"139",2011-01-06 18:00:00,1,0,1,1,9.02,11.365,51,8.9981,5,158,163
"140",2011-01-06 19:00:00,1,0,1,1,9.02,12.88,55,6.0032,3,109,112
"141",2011-01-06 20:00:00,1,0,1,1,8.2,10.605,51,11.0014,3,66,69
"142",2011-01-06 21:00:00,1,0,1,2,9.02,10.605,55,15.0013,0,48,48
"143",2011-01-06 22:00:00,1,0,1,2,9.02,10.605,51,19.0012,1,51,52
"144",2011-01-06 23:00:00,1,0,1,2,8.2,9.85,59,12.998,4,19,23
"145",2011-01-07 00:00:00,1,0,1,2,8.2,9.85,64,12.998,4,13,17
"146",2011-01-07 01:00:00,1,0,1,2,8.2,9.85,69,15.0013,2,5,7
"147",2011-01-07 02:00:00,1,0,1,2,8.2,9.85,69,15.0013,0,1,1
"148",2011-01-07 03:00:00,1,0,1,2,8.2,10.2275,69,11.9997,0,0,0
"149",2011-01-07 04:00:00,1,0,1,2,8.2,10.605,69,8.9981,0,1,1
"150",2011-01-07 05:00:00,1,0,1,3,9.02,13.635,55,0,0,5,5
"151",2011-01-07 06:00:00,1,0,1,2,8.2,12.88,69,0,8,26,34
"152",2011-01-07 07:00:00,1,0,1,1,8.2,10.605,69,8.9981,8,76,84
"153",2011-01-07 08:00:00,1,0,1,1,8.2,9.85,51,16.9979,20,190,210
"154",2011-01-07 09:00:00,1,0,1,1,8.2,9.09,47,19.9995,9,125,134
"155",2011-01-07 10:00:00,1,0,1,1,9.02,9.85,37,22.0028,16,47,63
"156",2011-01-07 11:00:00,1,0,1,2,8.2,9.85,40,15.0013,19,48,67
"157",2011-01-07 12:00:00,1,0,1,2,8.2,9.85,37,16.9979,9,50,59
"158",2011-01-07 13:00:00,1,0,1,2,8.2,9.09,37,19.0012,9,64,73
"159",2011-01-07 14:00:00,1,0,1,2,8.2,9.85,40,16.9979,7,43,50
"160",2011-01-07 15:00:00,1,0,1,2,8.2,10.605,37,11.0014,9,63,72
"161",2011-01-07 16:00:00,1,0,1,2,8.2,10.605,37,11.0014,5,82,87
"162",2011-01-07 17:00:00,1,0,1,2,8.2,12.88,37,0,9,178,187
"163",2011-01-07 18:00:00,1,0,1,1,8.2,11.365,40,6.0032,7,116,123
"164",2011-01-07 19:00:00,1,0,1,1,6.56,9.85,55,6.0032,3,92,95
"165",2011-01-07 20:00:00,1,0,1,1,7.38,10.605,47,7.0015,1,50,51
"166",2011-01-07 21:00:00,1,0,1,1,7.38,9.85,47,8.9981,0,39,39
"167",2011-01-07 22:00:00,1,0,1,2,7.38,9.85,43,11.0014,2,34,36
"168",2011-01-07 23:00:00,1,0,1,2,7.38,9.85,51,11.0014,1,14,15
"169",2011-01-08 00:00:00,1,0,0,2,7.38,9.85,51,11.0014,1,24,25
"170",2011-01-08 01:00:00,1,0,0,2,7.38,10.605,55,6.0032,1,15,16
"171",2011-01-08 02:00:00,1,0,0,2,7.38,12.12,55,0,3,13,16
"172",2011-01-08 03:00:00,1,0,0,3,7.38,9.85,55,11.0014,0,7,7
"173",2011-01-08 04:00:00,1,0,0,3,7.38,9.85,55,11.0014,0,1,1
"174",2011-01-08 05:00:00,1,0,0,2,6.56,8.335,74,11.0014,0,5,5
"175",2011-01-08 06:00:00,1,0,0,2,6.56,8.335,74,11.0014,0,2,2
"176",2011-01-08 07:00:00,1,0,0,2,6.56,9.09,74,7.0015,1,8,9
"177",2011-01-08 08:00:00,1,0,0,3,6.56,9.09,93,7.0015,0,15,15
"178",2011-01-08 09:00:00,1,0,0,3,6.56,9.09,93,7.0015,0,20,20
"179",2011-01-08 10:00:00,1,0,0,2,7.38,9.85,80,11.0014,5,56,61
"180",2011-01-08 11:00:00,1,0,0,2,8.2,9.09,69,26.0027,2,60,62
"181",2011-01-08 12:00:00,1,0,0,2,8.2,9.09,59,23.9994,8,90,98
"182",2011-01-08 13:00:00,1,0,0,1,8.2,9.09,44,22.0028,7,95,102
"183",2011-01-08 14:00:00,1,0,0,1,8.2,8.335,32,32.9975,12,83,95
"184",2011-01-08 15:00:00,1,0,0,1,8.2,8.335,32,30.0026,5,69,74
"185",2011-01-08 16:00:00,1,0,0,1,7.38,6.82,29,30.0026,8,68,76
"186",2011-01-08 17:00:00,1,0,0,1,6.56,6.06,37,36.9974,5,64,69
"187",2011-01-08 18:00:00,1,0,0,1,5.74,6.06,39,19.9995,3,52,55
"188",2011-01-08 19:00:00,1,0,0,1,5.74,6.06,36,16.9979,4,26,30
"189",2011-01-08 20:00:00,1,0,0,1,4.92,6.06,36,16.9979,0,28,28
"190",2011-01-08 21:00:00,1,0,0,1,4.92,5.305,39,23.9994,2,35,37
"191",2011-01-08 22:00:00,1,0,0,1,4.92,5.305,36,26.0027,1,33,34
"192",2011-01-08 23:00:00,1,0,0,1,4.1,3.03,39,30.0026,0,22,22
"193",2011-01-09 00:00:00,1,0,0,1,4.1,3.79,42,26.0027,1,24,25
"194",2011-01-09 01:00:00,1,0,0,1,4.1,3.03,42,31.0009,0,12,12
"195",2011-01-09 02:00:00,1,0,0,1,4.1,3.03,46,31.0009,0,11,11
"196",2011-01-09 03:00:00,1,0,0,1,4.1,3.79,46,27.9993,0,4,4
"197",2011-01-09 04:00:00,1,0,0,1,3.28,4.545,53,12.998,0,1,1
"198",2011-01-09 05:00:00,1,0,0,1,3.28,4.545,53,12.998,0,1,1
"199",2011-01-09 06:00:00,1,0,0,1,4.1,4.545,49,19.0012,0,1,1
"200",2011-01-09 07:00:00,1,0,0,1,3.28,4.545,53,12.998,1,5,6
"201",2011-01-09 08:00:00,1,0,0,1,4.1,4.545,49,19.0012,0,10,10
"202",2011-01-09 09:00:00,1,0,0,1,4.92,3.79,46,35.0008,0,19,19
"203",2011-01-09 10:00:00,1,0,0,1,5.74,5.305,43,26.0027,0,49,49
"204",2011-01-09 11:00:00,1,0,0,1,6.56,6.06,40,35.0008,2,47,49
"205",2011-01-09 12:00:00,1,0,0,1,7.38,6.82,37,30.0026,4,79,83
"206",2011-01-09 13:00:00,1,0,0,1,8.2,8.335,34,30.0026,6,69,75
"207",2011-01-09 14:00:00,1,0,0,1,9.02,9.09,32,31.0009,8,64,72
"208",2011-01-09 15:00:00,1,0,0,1,9.02,9.85,35,23.9994,5,77,82
"209",2011-01-09 16:00:00,1,0,0,1,8.2,8.335,34,30.0026,13,79,92
"210",2011-01-09 17:00:00,1,0,0,1,7.38,7.575,37,26.0027,3,59,62
"211",2011-01-09 18:00:00,1,0,0,1,6.56,6.82,40,22.0028,4,44,48
"212",2011-01-09 19:00:00,1,0,0,1,6.56,6.82,43,22.0028,1,40,41
"213",2011-01-09 20:00:00,1,0,0,1,5.74,6.06,46,16.9979,0,38,38
"214",2011-01-09 21:00:00,1,0,0,1,5.74,5.305,46,27.9993,1,19,20
"215",2011-01-09 22:00:00,1,0,0,1,5.74,6.06,46,19.9995,5,10,15
"216",2011-01-09 23:00:00,1,0,0,1,4.92,6.82,50,12.998,0,6,6
"217",2011-01-10 00:00:00,1,0,1,1,4.92,6.06,50,19.0012,2,3,5
"218",2011-01-10 01:00:00,1,0,1,1,4.92,6.06,50,19.0012,1,0,1
"219",2011-01-10 02:00:00,1,0,1,1,4.92,6.06,50,15.0013,0,3,3
"220",2011-01-10 03:00:00,1,0,1,1,4.92,6.06,50,15.0013,0,1,1
"221",2011-01-10 04:00:00,1,0,1,1,4.1,6.06,54,8.9981,1,2,3
"222",2011-01-10 05:00:00,1,0,1,1,4.1,5.305,54,16.9979,0,3,3
"223",2011-01-10 06:00:00,1,0,1,1,4.92,6.06,50,19.0012,0,31,31
"224",2011-01-10 07:00:00,1,0,1,1,4.92,6.06,50,15.0013,2,75,77
"225",2011-01-10 08:00:00,1,0,1,2,4.92,6.06,50,19.0012,4,184,188
"226",2011-01-10 09:00:00,1,0,1,2,5.74,6.06,50,16.9979,2,92,94
"227",2011-01-10 10:00:00,1,0,1,2,5.74,6.06,50,19.9995,0,31,31
"228",2011-01-10 11:00:00,1,0,1,2,6.56,6.82,47,19.0012,2,28,30
"229",2011-01-10 12:00:00,1,0,1,2,8.2,9.09,40,19.0012,5,47,52
"230",2011-01-10 13:00:00,1,0,1,2,8.2,9.09,40,19.0012,4,50,54
"231",2011-01-10 14:00:00,1,0,1,2,8.2,9.85,40,15.0013,0,47,47
"232",2011-01-10 15:00:00,1,0,1,2,8.2,9.85,40,15.0013,2,43,45
"233",2011-01-10 16:00:00,1,0,1,1,8.2,10.605,40,8.9981,4,70,74
"234",2011-01-10 17:00:00,1,0,1,1,8.2,11.365,40,7.0015,4,174,178
"235",2011-01-10 18:00:00,1,0,1,1,8.2,9.85,40,15.0013,1,154,155
"236",2011-01-10 19:00:00,1,0,1,1,6.56,8.335,47,11.0014,3,92,95
"237",2011-01-10 20:00:00,1,0,1,1,6.56,8.335,50,11.0014,1,73,74
"238",2011-01-10 21:00:00,1,0,1,1,5.74,6.82,59,12.998,1,37,38
"239",2011-01-10 22:00:00,1,0,1,1,5.74,7.575,59,11.0014,2,22,24
"240",2011-01-10 23:00:00,1,0,1,1,5.74,7.575,59,11.0014,0,18,18
"241",2011-01-11 00:00:00,1,0,1,1,5.74,8.335,59,7.0015,2,10,12
"242",2011-01-11 01:00:00,1,0,1,1,5.74,7.575,59,11.0014,0,3,3
"243",2011-01-11 02:00:00,1,0,1,2,6.56,7.575,55,12.998,0,3,3
"244",2011-01-11 03:00:00,1,0,1,2,6.56,8.3325,55,10.99805,0,0,0
"245",2011-01-11 04:00:00,1,0,1,2,6.56,8.3325,55,10.99805,0,0,0
"246",2011-01-11 05:00:00,1,0,1,2,6.56,9.09,55,8.9981,0,6,6
"247",2011-01-11 06:00:00,1,0,1,2,6.56,9.09,55,8.9981,0,27,27
"248",2011-01-11 07:00:00,1,0,1,2,6.56,11.365,55,0,2,97,99
"249",2011-01-11 08:00:00,1,0,1,2,7.38,10.605,51,6.0032,3,214,217
"250",2011-01-11 09:00:00,1,0,1,2,7.38,9.85,51,11.0014,3,127,130
"251",2011-01-11 10:00:00,1,0,1,2,8.2,10.605,51,11.0014,3,51,54
"252",2011-01-11 11:00:00,1,0,1,2,8.2,10.605,47,8.9981,4,31,35
"253",2011-01-11 12:00:00,1,0,1,2,8.2,11.365,51,7.0015,2,55,57
"254",2011-01-11 13:00:00,1,0,1,2,8.2,11.365,59,6.0032,6,46,52
"255",2011-01-11 14:00:00,1,0,1,2,8.2,11.365,59,6.0032,3,60,63
"256",2011-01-11 15:00:00,1,0,1,2,6.56,9.85,80,6.0032,2,45,47
"257",2011-01-11 16:00:00,1,0,1,2,6.56,7.575,86,15.0013,4,72,76
"258",2011-01-11 17:00:00,1,0,1,2,6.56,7.575,86,15.0013,6,130,136
"259",2011-01-11 18:00:00,1,0,1,3,6.56,9.09,93,7.0015,1,94,95
"260",2011-01-11 19:00:00,1,0,1,3,6.56,11.365,93,0,0,51,51
"261",2011-01-11 20:00:00,1,0,1,3,6.56,7.575,93,12.998,0,32,32
"262",2011-01-11 21:00:00,1,0,1,3,6.56,9.85,86,6.0032,0,20,20
"263",2011-01-11 22:00:00,1,0,1,3,6.56,9.09,93,7.0015,1,28,29
"264",2011-01-11 23:00:00,1,0,1,3,6.56,9.85,93,6.0032,1,18,19
"265",2011-01-12 00:00:00,1,0,1,2,6.56,9.85,86,6.0032,0,7,7
"266",2011-01-12 01:00:00,1,0,1,2,6.56,9.09,86,7.0015,0,6,6
"267",2011-01-12 02:00:00,1,0,1,1,5.74,7.575,86,8.9981,0,1,1
"268",2011-01-12 03:00:00,1,0,1,1,5.74,7.575,86,9.99975,0,0,0
"269",2011-01-12 04:00:00,1,0,1,1,5.74,7.575,86,9.99975,0,0,0
"270",2011-01-12 05:00:00,1,0,1,1,5.74,7.575,86,11.0014,0,5,5
"271",2011-01-12 06:00:00,1,0,1,1,4.92,7.575,93,8.9981,0,16,16
"272",2011-01-12 07:00:00,1,0,1,1,5.74,7.575,69,8.9981,0,54,54
"273",2011-01-12 08:00:00,1,0,1,1,6.56,8.335,59,11.0014,3,125,128
"274",2011-01-12 09:00:00,1,0,1,1,6.56,6.82,59,22.0028,3,78,81
"275",2011-01-12 10:00:00,1,0,1,1,7.38,9.09,55,15.0013,0,39,39
"276",2011-01-12 11:00:00,1,0,1,1,8.2,9.09,51,26.0027,3,32,35
"277",2011-01-12 12:00:00,1,0,1,1,8.2,7.575,47,39.0007,3,52,55
"278",2011-01-12 13:00:00,1,0,1,1,9.02,9.85,44,23.9994,0,49,49
"279",2011-01-12 14:00:00,1,0,1,1,8.2,9.09,47,22.0028,0,44,44
"280",2011-01-12 15:00:00,1,0,1,1,8.2,8.335,47,27.9993,1,48,49
"281",2011-01-12 16:00:00,1,0,1,1,9.02,9.85,44,22.0028,5,63,68
"282",2011-01-12 17:00:00,1,0,1,1,8.2,9.09,47,23.9994,0,139,139
"283",2011-01-12 18:00:00,1,0,1,1,8.2,7.575,47,35.0008,2,135,137
"284",2011-01-12 19:00:00,1,0,1,1,7.38,7.575,47,27.9993,1,82,83
"285",2011-01-12 20:00:00,1,0,1,1,6.56,6.82,50,22.0028,2,54,56
"286",2011-01-12 21:00:00,1,0,1,1,6.56,6.82,55,22.0028,0,57,57
"287",2011-01-12 22:00:00,1,0,1,1,6.56,6.06,55,30.0026,1,32,33
"288",2011-01-12 23:00:00,1,0,1,1,5.74,5.305,59,27.9993,1,19,20
"289",2011-01-13 00:00:00,1,0,1,1,5.74,6.06,59,19.0012,1,6,7
"290",2011-01-13 01:00:00,1,0,1,1,5.74,6.06,50,19.0012,0,2,2
"291",2011-01-13 02:00:00,1,0,1,1,5.74,6.06,50,23.9994,0,2,2
"292",2011-01-13 03:00:00,1,0,1,1,5.74,6.06,50,22.0028,0,3,3
"293",2011-01-13 04:00:00,1,0,1,1,5.74,6.06,50,16.9979,0,4,4
"294",2011-01-13 05:00:00,1,0,1,1,5.74,6.06,50,19.9995,0,3,3
"295",2011-01-13 06:00:00,1,0,1,1,4.92,7.575,54,8.9981,0,28,28
"296",2011-01-13 07:00:00,1,0,1,1,4.92,7.575,54,8.9981,0,72,72
"297",2011-01-13 08:00:00,1,0,1,1,5.74,6.82,50,12.998,5,197,202
"298",2011-01-13 09:00:00,1,0,1,1,5.74,6.06,50,22.0028,2,137,139
"299",2011-01-13 10:00:00,1,0,1,2,6.56,6.82,50,23.9994,2,36,38
"300",2011-01-13 11:00:00,1,0,1,2,8.2,8.335,44,30.0026,4,33,37
"301",2011-01-13 12:00:00,1,0,1,1,8.2,8.335,44,27.9993,3,49,52
"302",2011-01-13 13:00:00,1,0,1,1,9.02,9.85,41,30.0026,2,81,83
"303",2011-01-13 14:00:00,1,0,1,1,9.02,9.85,41,26.0027,3,39,42
"304",2011-01-13 15:00:00,1,0,1,1,9.84,10.605,38,19.9995,5,55,60
"305",2011-01-13 16:00:00,1,0,1,1,9.84,10.605,38,23.9994,2,76,78
"306",2011-01-13 17:00:00,1,0,1,1,8.2,9.09,40,19.0012,4,158,162
"307",2011-01-13 18:00:00,1,0,1,1,8.2,9.09,40,22.0028,3,141,144
"308",2011-01-13 19:00:00,1,0,1,1,6.56,7.575,47,16.9979,1,98,99
"309",2011-01-13 20:00:00,1,0,1,1,6.56,7.575,47,15.0013,0,64,64
"310",2011-01-13 21:00:00,1,0,1,1,5.74,6.06,46,19.9995,0,40,40
"311",2011-01-13 22:00:00,1,0,1,1,5.74,6.06,46,22.0028,0,30,30
"312",2011-01-13 23:00:00,1,0,1,1,4.92,6.82,50,12.998,1,14,15
"313",2011-01-14 00:00:00,1,0,1,1,4.92,6.82,50,12.998,0,14,14
"314",2011-01-14 01:00:00,1,0,1,1,4.1,6.06,54,11.0014,0,5,5
"315",2011-01-14 02:00:00,1,0,1,1,4.1,6.06,54,8.9981,0,1,1
"316",2011-01-14 03:00:00,1,0,1,1,4.1,6.82,54,7.0015,0,1,1
"317",2011-01-14 04:00:00,1,0,1,1,4.1,6.82,54,6.50235,0,0,0
"318",2011-01-14 05:00:00,1,0,1,1,4.1,6.82,54,6.0032,0,8,8
"319",2011-01-14 06:00:00,1,0,1,1,4.1,9.09,54,0,0,17,17
"320",2011-01-14 07:00:00,1,0,1,1,4.1,6.06,74,11.0014,0,70,70
"321",2011-01-14 08:00:00,1,0,1,1,4.92,8.335,68,0,2,156,158
"322",2011-01-14 09:00:00,1,0,1,1,5.74,7.575,69,8.9981,0,117,117
"323",2011-01-14 10:00:00,1,0,1,1,7.38,9.09,55,12.998,4,40,44
"324",2011-01-14 11:00:00,1,0,1,1,7.38,8.335,51,19.0012,6,47,53
"325",2011-01-14 12:00:00,1,0,1,1,8.2,9.85,44,16.9979,2,59,61
"326",2011-01-14 13:00:00,1,0,1,1,9.02,9.85,37,26.0027,4,73,77
"327",2011-01-14 14:00:00,1,0,1,1,9.02,10.605,41,19.0012,5,59,64
"328",2011-01-14 15:00:00,1,0,1,1,9.84,12.12,38,11.0014,9,59,68
"329",2011-01-14 16:00:00,1,0,1,1,9.02,12.12,41,7.0015,3,87,90
"330",2011-01-14 17:00:00,1,0,1,1,9.02,11.365,41,11.0014,4,155,159
"331",2011-01-14 18:00:00,1,0,1,1,8.2,12.88,47,0,5,134,139
"332",2011-01-14 19:00:00,1,0,1,1,6.56,9.85,59,6.0032,3,89,92
"333",2011-01-14 20:00:00,1,0,1,1,7.38,12.12,59,0,0,68,68
"334",2011-01-14 21:00:00,1,0,1,1,6.56,11.365,69,0,4,48,52
"335",2011-01-14 22:00:00,1,0,1,2,6.56,11.365,69,0,2,34,36
"336",2011-01-14 23:00:00,1,0,1,2,7.38,12.12,55,0,1,26,27
"337",2011-01-15 00:00:00,1,0,0,1,7.38,12.12,55,0,3,25,28
"338",2011-01-15 01:00:00,1,0,0,2,6.56,9.85,59,6.0032,2,18,20
"339",2011-01-15 02:00:00,1,0,0,2,6.56,9.85,59,6.0032,0,12,12
"340",2011-01-15 03:00:00,1,0,0,2,6.56,11.365,59,0,1,7,8
"341",2011-01-15 04:00:00,1,0,0,2,6.56,11.365,59,0,0,5,5
"342",2011-01-15 05:00:00,1,0,0,1,6.56,11.365,59,0,0,1,1
"343",2011-01-15 06:00:00,1,0,0,1,5.74,8.335,63,7.0015,1,2,3
"344",2011-01-15 07:00:00,1,0,0,1,5.74,10.605,63,0,1,9,10
"345",2011-01-15 08:00:00,1,0,0,1,5.74,7.575,63,8.9981,1,22,23
"346",2011-01-15 09:00:00,1,0,0,1,6.56,9.09,64,8.9981,2,31,33
"347",2011-01-15 10:00:00,1,0,0,1,7.38,9.85,59,11.0014,2,57,59
"348",2011-01-15 11:00:00,1,0,0,1,8.2,9.85,55,15.0013,18,54,72
"349",2011-01-15 12:00:00,1,0,0,1,9.84,11.365,48,15.0013,15,74,89
"350",2011-01-15 13:00:00,1,0,0,1,11.48,12.88,38,19.9995,21,80,101
"351",2011-01-15 14:00:00,1,0,0,1,12.3,14.395,39,19.0012,26,92,118
"352",2011-01-15 15:00:00,1,0,0,2,13.12,15.91,36,12.998,21,108,129
"353",2011-01-15 16:00:00,1,0,0,2,13.94,16.665,34,12.998,33,95,128
"354",2011-01-15 17:00:00,1,0,0,2,13.12,15.15,36,19.0012,29,54,83
"355",2011-01-15 18:00:00,1,0,0,2,12.3,14.395,45,16.9979,15,69,84
"356",2011-01-15 19:00:00,1,0,0,2,13.12,15.15,39,16.9979,14,60,74
"357",2011-01-15 20:00:00,1,0,0,2,13.12,15.15,39,16.9979,6,35,41
"358",2011-01-15 21:00:00,1,0,0,2,13.12,15.15,39,15.0013,6,51,57
"359",2011-01-15 22:00:00,1,0,0,2,12.3,15.91,42,7.0015,0,26,26
"360",2011-01-15 23:00:00,1,0,0,1,12.3,14.395,45,19.0012,5,39,44
"361",2011-01-16 00:00:00,1,0,0,1,10.66,15.15,56,0,6,33,39
"362",2011-01-16 01:00:00,1,0,0,1,10.66,13.635,56,8.9981,4,19,23
"363",2011-01-16 02:00:00,1,0,0,1,10.66,14.395,56,6.0032,3,13,16
"364",2011-01-16 03:00:00,1,0,0,1,9.02,13.635,69,0,9,6,15
"365",2011-01-16 04:00:00,1,0,0,1,10.66,12.88,56,11.0014,0,1,1
"366",2011-01-16 05:00:00,1,0,0,2,10.66,12.88,56,11.0014,1,1,2
"367",2011-01-16 06:00:00,1,0,0,2,10.66,12.88,56,11.0014,0,1,1
"368",2011-01-16 07:00:00,1,0,0,2,9.84,10.605,56,19.9995,0,3,3
"369",2011-01-16 08:00:00,1,0,0,1,9.02,10.605,55,19.0012,0,18,18
"370",2011-01-16 09:00:00,1,0,0,1,9.02,10.605,51,16.9979,3,29,32
"371",2011-01-16 10:00:00,1,0,0,1,9.02,10.605,51,19.0012,8,71,79
"372",2011-01-16 11:00:00,1,0,0,1,9.84,11.365,44,16.9979,23,70,93
"373",2011-01-16 12:00:00,1,0,0,1,9.84,10.605,41,19.0012,29,75,104
"374",2011-01-16 13:00:00,1,0,0,1,10.66,11.365,35,19.9995,23,95,118
"375",2011-01-16 14:00:00,1,0,0,1,11.48,13.635,36,16.9979,22,69,91
"376",2011-01-16 15:00:00,1,0,0,1,10.66,12.12,38,16.9979,35,78,113
"377",2011-01-16 16:00:00,1,0,0,1,9.84,11.365,38,15.0013,22,77,99
"378",2011-01-16 17:00:00,1,0,0,1,9.02,10.605,37,16.9979,23,82,105
"379",2011-01-16 18:00:00,1,0,0,1,8.2,10.605,40,11.0014,11,56,67
"380",2011-01-16 19:00:00,1,0,0,1,7.38,9.85,47,8.9981,14,47,61
"381",2011-01-16 20:00:00,1,0,0,1,7.38,9.85,47,11.0014,7,50,57
"382",2011-01-16 21:00:00,1,0,0,1,7.38,9.85,51,11.0014,6,22,28
"383",2011-01-16 22:00:00,1,0,0,2,8.2,10.605,49,8.9981,2,19,21
"384",2011-01-16 23:00:00,1,0,0,2,8.2,11.365,40,7.0015,0,18,18
"385",2011-01-17 00:00:00,1,1,0,2,8.2,9.85,47,15.0013,1,16,17
"386",2011-01-17 01:00:00,1,1,0,2,8.2,9.85,44,12.998,1,15,16
"387",2011-01-17 02:00:00,1,1,0,2,7.38,8.335,43,16.9979,0,8,8
"388",2011-01-17 03:00:00,1,1,0,2,7.38,9.09,43,12.998,0,2,2
"389",2011-01-17 04:00:00,1,1,0,2,7.38,9.85,43,8.9981,1,2,3
"390",2011-01-17 05:00:00,1,1,0,2,7.38,9.85,43,11.0014,0,1,1
"391",2011-01-17 06:00:00,1,1,0,2,7.38,9.09,43,12.998,0,5,5
"392",2011-01-17 07:00:00,1,1,0,2,6.56,9.09,50,8.9981,4,9,13
"393",2011-01-17 08:00:00,1,1,0,2,6.56,7.575,47,15.0013,3,30,33
"394",2011-01-17 09:00:00,1,1,0,2,6.56,7.575,47,15.0013,8,39,47
"395",2011-01-17 10:00:00,1,1,0,2,6.56,7.575,50,16.9979,7,50,57
"396",2011-01-17 11:00:00,1,1,0,2,6.56,7.575,55,12.998,9,55,64
"397",2011-01-17 12:00:00,1,1,0,2,7.38,9.85,47,8.9981,10,70,80
"398",2011-01-17 13:00:00,1,1,0,2,7.38,9.85,47,8.9981,13,80,93
"399",2011-01-17 14:00:00,1,1,0,2,7.38,10.605,43,7.0015,12,74,86
"400",2011-01-17 15:00:00,1,1,0,2,8.2,10.605,47,11.0014,21,72,93
"401",2011-01-17 16:00:00,1,1,0,2,8.2,10.605,47,11.0014,6,76,82
"402",2011-01-17 17:00:00,1,1,0,1,8.2,9.85,51,12.998,4,67,71
"403",2011-01-17 18:00:00,1,1,0,2,7.38,8.335,55,16.9979,7,85,92
"404",2011-01-17 19:00:00,1,1,0,3,7.38,9.09,59,12.998,2,58,60
"405",2011-01-17 20:00:00,1,1,0,3,6.56,7.575,80,12.998,4,29,33
"406",2011-01-17 21:00:00,1,1,0,3,6.56,7.575,80,12.998,3,24,27
"407",2011-01-17 22:00:00,1,1,0,3,5.74,6.06,93,16.9979,0,13,13
"408",2011-01-17 23:00:00,1,1,0,3,6.56,6.82,86,19.0012,1,3,4
"409",2011-01-18 00:00:00,1,1,0,3,7.38,7.955,86,20.502,0,0,0
"410",2011-01-18 01:00:00,1,1,0,3,7.38,7.955,86,20.502,0,0,0
"411",2011-01-18 02:00:00,1,1,0,3,7.38,7.955,86,20.502,0,0,0
"412",2011-01-18 03:00:00,1,1,0,3,7.38,7.955,86,20.502,0,0,0
"413",2011-01-18 04:00:00,1,1,0,3,7.38,7.955,86,20.502,0,0,0
"414",2011-01-18 05:00:00,1,1,0,3,7.38,7.955,86,20.502,0,0,0
"415",2011-01-18 06:00:00,1,1,0,3,7.38,7.955,86,20.502,0,0,0
"416",2011-01-18 07:00:00,1,1,0,3,7.38,7.955,86,20.502,0,0,0
"417",2011-01-18 08:00:00,1,1,0,3,7.38,7.955,86,20.502,0,0,0
"418",2011-01-18 09:00:00,1,1,0,3,7.38,7.955,86,20.502,0,0,0
"419",2011-01-18 10:00:00,1,1,0,3,7.38,7.955,86,20.502,0,0,0
"420",2011-01-18 11:00:00,1,1,0,3,7.38,7.955,86,20.502,0,0,0
"421",2011-01-18 12:00:00,1,0,1,2,8.2,9.09,86,22.0028,0,3,3
"422",2011-01-18 13:00:00,1,0,1,2,8.2,9.85,86,15.0013,0,22,22
"423",2011-01-18 14:00:00,1,0,1,2,9.02,11.365,80,11.0014,2,26,28
"424",2011-01-18 15:00:00,1,0,1,2,9.02,11.365,87,11.0014,3,32,35
"425",2011-01-18 16:00:00,1,0,1,2,9.02,11.365,87,12.998,0,61,61
"426",2011-01-18 17:00:00,1,0,1,2,9.02,11.365,82,12.998,1,124,125
"427",2011-01-18 18:00:00,1,0,1,2,9.02,11.365,80,11.0014,1,132,133
"428",2011-01-18 19:00:00,1,0,1,2,9.02,11.365,80,8.9981,1,98,99
"429",2011-01-18 20:00:00,1,0,1,2,9.02,13.635,87,0,0,83,83
"430",2011-01-18 21:00:00,1,0,1,2,9.02,12.12,93,7.0015,0,41,41
"431",2011-01-18 22:00:00,1,0,1,2,9.02,12.88,93,6.0032,0,33,33
"432",2011-01-18 23:00:00,1,0,1,2,9.02,13.635,93,0,1,19,20
"433",2011-01-19 00:00:00,1,0,1,2,9.02,13.635,93,0,0,3,3
"434",2011-01-19 01:00:00,1,0,1,3,9.02,11.365,93,8.9981,1,6,7
"435",2011-01-19 02:00:00,1,0,1,3,9.02,11.365,93,8.9981,0,3,3
"436",2011-01-19 03:00:00,1,0,1,3,9.02,11.365,93,8.9981,0,0,0
"437",2011-01-19 04:00:00,1,0,1,3,9.02,11.365,93,8.9981,1,1,2
"438",2011-01-19 05:00:00,1,0,1,2,9.02,12.88,93,6.0032,0,7,7
"439",2011-01-19 06:00:00,1,0,1,2,9.02,12.88,93,6.0032,0,32,32
"440",2011-01-19 07:00:00,1,0,1,2,9.84,12.88,92,7.0015,1,89,90
"441",2011-01-19 08:00:00,1,0,1,2,9.84,12.88,93,7.0015,1,196,197
"442",2011-01-19 09:00:00,1,0,1,2,9.84,12.88,93,7.0015,2,107,109
"443",2011-01-19 10:00:00,1,0,1,2,10.66,13.635,93,8.9981,1,46,47
"444",2011-01-19 11:00:00,1,0,1,2,11.48,15.15,87,6.0032,5,47,52
"445",2011-01-19 12:00:00,1,0,1,2,12.3,15.91,81,6.0032,5,65,70
"446",2011-01-19 13:00:00,1,0,1,1,16.4,20.455,62,19.0012,11,67,78
"447",2011-01-19 14:00:00,1,0,1,1,16.4,20.455,58,16.9979,7,68,75
"448",2011-01-19 15:00:00,1,0,1,1,16.4,20.455,54,19.0012,4,78,82
"449",2011-01-19 16:00:00,1,0,1,1,15.58,19.695,58,26.0027,10,94,104
"450",2011-01-19 17:00:00,1,0,1,1,14.76,16.665,57,22.0028,7,190,197
"451",2011-01-19 18:00:00,1,0,1,1,13.94,15.91,61,19.0012,5,156,161
"452",2011-01-19 19:00:00,1,0,1,1,13.12,14.395,57,27.9993,4,108,112
"453",2011-01-19 20:00:00,1,0,1,1,13.12,15.15,49,19.9995,2,74,76
"454",2011-01-19 21:00:00,1,0,1,1,13.12,14.395,49,27.9993,4,55,59
"455",2011-01-19 22:00:00,1,0,1,1,12.3,15.15,52,11.0014,6,53,59
"456",2011-01-19 23:00:00,1,0,1,1,12.3,13.635,52,31.0009,1,27,28
